case,state,expected,ok,filled_amount,closed_amount,open_entry,open_exit,model_position
no_trade,FLAT,FLAT,True,0.0,0.0,0,0,0.0
entry_zero_fill,PENDING_ENTRY,PENDING_ENTRY,True,0.0,0.0,1,0,0.0
entry_partial,PARTIAL_ENTRY,PARTIAL_ENTRY,True,0.004,0.0,1,0,1.0
entry_filled,LONG,LONG,True,0.01,0.01,0,0,1.0
exit_zero_fill,PENDING_EXIT,PENDING_EXIT,True,0.01,0.01,0,1,1.0
exit_partial,PARTIAL_EXIT,PARTIAL_EXIT,True,0.006,0.01,0,1,1.0
entry_rejected,FLAT,FLAT,True,0.0,0.0,0,0,0.0
multi_active_orders,INCONSISTENT,INCONSISTENT,True,0.0,0.0,2,0,
short_trade,INCONSISTENT,INCONSISTENT,True,0.0,0.0,0,0,
