date,open,high,low,close,volume,%-ret-1,%-ret-4,%-vol-24,%-price-ma-ratio,%-raw_open,%-raw_high,%-raw_low,%-raw_close
2026-01-01 00:00:00+00:00,1,1.0018986052145689,0.99810499265625563,1,891.95832271028542,0,0,0,0,1,1.0018986052145689,0.99810499265625563,1
2026-01-01 00:15:00+00:00,1,1.0028395444078797,0.99615107413246351,0.99897968934441961,153.30879615151773,-0.001020310655580392,0,0,0,1,1.0028395444078797,0.99615107413246351,0.99897968934441961
2026-01-01 00:30:00+00:00,0.99897968934441961,1.0018610419595031,0.9952079135364289,0.99807838723555076,289.94451623966228,-0.00090222265625872211,0,0,0,0.99897968934441961,1.0018610419595031,0.9952079135364289,0.99807838723555076
2026-01-01 00:45:00+00:00,0.99807838723555076,0.99931440673301708,0.99805126158594448,0.9992872474910276,372.5698642627961,0.0012111876892004769,0,0,0,0.99807838723555076,0.99931440673301708,0.99805126158594448,0.9992872474910276
2026-01-01 01:00:00+00:00,0.9992872474910276,1.0031910285434125,0.9969867462605847,1.0008815402543065,914.49067809799919,0.0015954299099500968,0.00088154025430653427,0,0,0.9992872474910276,1.0031910285434125,0.9969867462605847,1.0008815402543065
2026-01-01 01:15:00+00:00,1.0008815402543065,1.0087617595403526,0.9971473152685425,1.0049981339606444,909.9928489215672,0.0041129679595168778,0.0060245915712004994,0,0,1.0008815402543065,1.0087617595403526,0.9971473152685425,1.0049981339606444
2026-01-01 01:30:00+00:00,1.0049981339606444,1.0059500967685919,1.0039521119174086,1.0049030839035349,272.28049634909166,-9.4577346860247324e-05,0.0068378363415793064,0,0,1.0049981339606444,1.0059500967685919,1.0039521119174086,1.0049030839035349
2026-01-01 01:45:00+00:00,1.0049030839035349,1.006591391161018,1.0025805180342213,1.0042649232190808,389.04868316156387,-0.00063504699575123169,0.0049812261094603905,0,0,1.0049030839035349,1.006591391161018,1.0025805180342213,1.0042649232190808
2026-01-01 02:00:00+00:00,1.0042649232190808,1.0094716147476099,0.99946695705376531,1.0046487731443403,179.29113845405638,0.00038221978721431071,0.0037639148475818729,0,0,1.0042649232190808,1.0094716147476099,0.99946695705376531,1.0046487731443403
2026-01-01 02:15:00+00:00,1.0046487731443403,1.0066377768106349,1.0028040609496094,1.0047894124546546,995.25973328078726,0.000139988535370561,-0.00020768347615462979,0,0,1.0046487731443403,1.0066377768106349,1.0028040609496094,1.0047894124546546
2026-01-01 02:30:00+00:00,1.0047894124546546,1.0060562773922623,1.0035113479646371,1.0047766014848969,522.27416633055486,-1.2749905202946721e-05,-0.00012586529055780282,0,0,1.0047894124546546,1.0060562773922623,1.0035113479646371,1.0047766014848969
2026-01-01 02:45:00+00:00,1.0047766014848969,1.0119888214181345,1.0008259309146119,1.0080097931960148,809.95767626267161,0.0032178214603522104,0.0037289662223092268,0,0,1.0047766014848969,1.0119888214181345,1.0008259309146119,1.0080097931960148
2026-01-01 03:00:00+00:00,1.0080097931960148,1.0108585531478751,1.002035631946655,1.0048675081822775,560.92089685478277,-0.0031173159575903497,0.00021772289359667241,0,0,1.0080097931960148,1.0108585531478751,1.002035631946655,1.0048675081822775
2026-01-01 03:15:00+00:00,1.0048675081822775,1.0056169171318297,1.0031379528216144,1.0038860719053331,215.72565921995078,-0.00097668226801339575,-0.00089903470132579599,0,0,1.0048675081822775,1.0056169171318297,1.0031379528216144,1.0038860719053331
2026-01-01 03:30:00+00:00,1.0038860719053331,1.0067113113482287,1.0005100615185676,1.0033257998457776,209.00226026916607,-0.00055810323027205566,-0.0014439046818718326,0,0,1.0038860719053331,1.0067113113482287,1.0005100615185676,1.0033257998457776
2026-01-01 03:45:00+00:00,1.0033257998457776,1.0095374424177597,0.99883298970478873,1.0050168170538951,443.73114847526625,0.0016854118655948991,-0.002969193516096813,0,0,1.0033257998457776,1.0095374424177597,0.99883298970478873,1.0050168170538951
2026-01-01 04:00:00+00:00,1.0050168170538951,1.006123009287095,1.0026565642084946,1.0037601585813187,105.79416661785621,-0.0012503855171898115,-0.001101985676660866,0,0,1.0050168170538951,1.006123009287095,1.0026565642084946,1.0037601585813187
2026-01-01 04:15:00+00:00,1.0037601585813187,1.005784412260323,0.99849128980164192,1.0005049179074748,790.74876320550493,-0.0032430463054489156,-0.0033680654533247978,0,0,1.0037601585813187,1.005784412260323,0.99849128980164192,1.0005049179074748
2026-01-01 04:30:00+00:00,1.0005049179074748,1.0041592705576003,0.99558997210083089,0.99922637286994898,960.96071255360039,-0.0012778998030312794,-0.0040858382954557237,0,0,1.0005049179074748,1.0041592705576003,0.99558997210083089,0.99922637286994898
2026-01-01 04:45:00+00:00,0.99922637286994898,1.0010107463448725,0.99544679156471094,0.99722441563348341,118.06484636915779,-0.0020035072039937818,-0.007753503511766402,0,0,0.99922637286994898,1.0010107463448725,0.99544679156471094,0.99722441563348341
2026-01-01 05:00:00+00:00,0.99722441563348341,0.9989291846762246,0.99527560346860833,0.99697704098978168,619.02364891772345,-0.00024806316394143657,-0.0067577075395421904,0,0,0.99722441563348341,0.9989291846762246,0.99527560346860833,0.99697704098978168
2026-01-01 05:15:00+00:00,0.99697704098978168,0.9970966148896,0.99637109005596292,0.99649059128016937,952.83530206761611,-0.00048792468593794602,-0.004012300744809183,0,0,0.99697704098978168,0.9970966148896,0.99637109005596292,0.99649059128016937
2026-01-01 05:30:00+00:00,0.99649059128016937,0.99860741734189618,0.99150668981117107,0.9936129286655413,468.60137479114724,-0.0028877970748637516,-0.0056177902793786982,0,0,0.99649059128016937,0.99860741734189618,0.99150668981117107,0.9936129286655413
2026-01-01 05:45:00+00:00,0.9936129286655413,0.99381751114674821,0.99336770947017772,0.9935722414613497,459.2131579452074,-4.0948746758195931e-05,-0.0036623393038504037,0,-0.0077541617701936127,0.9936129286655413,0.99381751114674821,0.99336770947017772,0.9935722414613497
2026-01-01 06:00:00+00:00,0.9935722414613497,1.0044831788662332,0.99004603553770487,1.0009182498276459,208.8364647165518,0.0073935322060645348,0.0039531590757109214,0.0023639751842090937,-0.00045615211208371864,0.9935722414613497,1.0044831788662332,0.99004603553770487,1.0009182498276459
2026-01-01 06:15:00+00:00,1.0009182498276459,1.0088943389443832,0.99889009794719019,1.0068500251844297,156.25781147244749,0.0059263335020669494,0.010395917427531209,0.0026378020255198465,0.0051383150182131576,1.0009182498276459,1.0088943389443832,0.99889009794719019,1.0068500251844297
2026-01-01 06:30:00+00:00,1.0068500251844297,1.0106211569177319,1.0065619286129601,1.0103319812877176,991.25397979916181,0.0034582668880105416,0.016826524836618839,0.0026986815828283217,0.0081005243235345858,1.0068500251844297,1.0106211569177319,1.0065619286129601,1.0103319812877176
2026-01-01 06:45:00+00:00,1.0103319812877176,1.0129106311369183,1.0095649323764133,1.0121416245022159,599.24000559633987,0.0017911372182752849,0.018689514728747136,0.002707795133980089,0.0093667488529634024,1.0103319812877176,1.0129106311369183,1.0095649323764133,1.0121416245022159
2026-01-01 07:00:00+00:00,1.0121416245022159,1.0223554068999989,1.0114515508861672,1.0216583695729615,669.41143604648016,0.0094025824453431994,0.020721092605601843,0.0032543649731968478,0.017978553715702228,1.0121416245022159,1.0223554068999989,1.0114515508861672,1.0216583695729615
2026-01-01 07:15:00+00:00,1.0216583695729615,1.0311485440714832,1.0208724840098351,1.0303553584251273,413.87084550167242,0.0085126193952691498,0.02334541654939315,0.0035554701799933568,0.02556455919377143,1.0216583695729615,1.0311485440714832,1.0208724840098351,1.0303553584251273
2026-01-01 07:30:00+00:00,1.0303553584251273,1.0386348743908227,1.0274559866355009,1.0357122044304956,637.80921244365743,0.0051990276573667948,0.025120676780348683,0.0036447878688073078,0.029580956268204783,1.0303553584251273,1.0386348743908227,1.0274559866355009,1.0357122044304956
2026-01-01 07:45:00+00:00,1.0357122044304956,1.0455819856373858,1.0348031515674307,1.0446642699886306,170.33219650400491,0.0086433910113643542,0.032132504680271179,0.0039164041969959248,0.03674519857941605,1.0357122044304956,1.0455819856373858,1.0348031515674307,1.0446642699886306
2026-01-01 08:00:00+00:00,1.0446642699886306,1.0490118808459694,1.0412563686858038,1.0455897967773196,950.8785773293622,0.00088595620169829026,0.023424099402583165,0.0039106488643461858,0.035909971223996529,1.0446642699886306,1.0490118808459694,1.0412563686858038,1.0455897967773196
2026-01-01 08:15:00+00:00,1.0455897967773196,1.0499672411420027,1.0436272333641303,1.0479964613018937,154.98348881152785,0.0023017291599363165,0.017121377331147603,0.0038986817238496952,0.036445722832049388,1.0455897967773196,1.0499672411420027,1.0436272333641303,1.0479964613018937
2026-01-01 08:30:00+00:00,1.0479964613018937,1.0609556724559743,1.0456723249060151,1.0586027964837545,908.71555396048575,0.010120583011019813,0.022101305705715557,0.0042324304839910553,0.044618153958014828,1.0479964613018937,1.0609556724559743,1.0456723249060151,1.0586027964837545
2026-01-01 08:45:00+00:00,1.0586027964837545,1.0600367292277939,1.0575120304423089,1.0589444856868102,112.83827258055899,0.00032277375819389498,0.013669669872345747,0.0042429651533333048,0.04277151281488023,1.0586027964837545,1.0600367292277939,1.0575120304423089,1.0589444856868102
2026-01-01 09:00:00+00:00,1.0589444856868102,1.0617502766134956,1.0588673162677125,1.0616729027254586,443.26695842565323,0.0025765439789591227,0.015381850509358141,0.0040973041060321184,0.043027231532303034,1.0589444856868102,1.0617502766134956,1.0588673162677125,1.0616729027254586
2026-01-01 09:15:00+00:00,1.0616729027254586,1.0666629651272515,1.0613523900431914,1.0663409459750717,215.05272031174189,0.0043968751935079542,0.017504338373804496,0.0040569770398957792,0.044941810928891712,1.0616729027254586,1.0666629651272515,1.0613523900431914,1.0663409459750717
2026-01-01 09:30:00+00:00,1.0663409459750717,1.0724711303006433,1.0658514356344653,1.0719788058613864,556.78756871877613,0.0052871081314047608,0.012635531874714001,0.0040392059932818133,0.047530160632976992,1.0663409459750717,1.0724711303006433,1.0658514356344653,1.0719788058613864
2026-01-01 09:45:00+00:00,1.0719788058613864,1.0773085991949922,1.0710338033037381,1.076358898159814,693.01050430326825,0.0040859877774430675,0.016445066486850957,0.0040409199040597711,0.048763916228334425,1.0719788058613864,1.0773085991949922,1.0710338033037381,1.076358898159814
2026-01-01 10:00:00+00:00,1.076358898159814,1.0822684362860369,1.0745280041861256,1.0804274901468847,801.66887084366931,0.003779958519436688,0.017665127718038631,0.0039473172731618487,0.049461672821796032,1.076358898159814,1.0822684362860369,1.0745280041861256,1.0804274901468847
2026-01-01 10:15:00+00:00,1.0804274901468847,1.0892588206589291,1.0789610626135491,1.0877804066606644,983.33143402773931,0.0068055622249856285,0.0201056339124146,0.0037768320766261537,0.052884792343461662,1.0804274901468847,1.0892588206589291,1.0789610626135491,1.0877804066606644
2026-01-01 10:30:00+00:00,1.0877804066606644,1.0925257079511042,1.087499179129316,1.0922432536010345,497.4738449084852,0.00410270943753277,0.018903776482189549,0.0036381817091929044,0.053253327509687587,1.0877804066606644,1.0925257079511042,1.087499179129316,1.0922432536010345
2026-01-01 10:45:00+00:00,1.0922432536010345,1.1107396724755776,1.0892449380303448,1.1076905824088856,775.11930001205849,0.014142755065707835,0.02910895641094946,0.0040075436732851634,0.0634292518295827,1.0922432536010345,1.1107396724755776,1.0892449380303448,1.1076905824088856
2026-01-01 11:00:00+00:00,1.1076905824088856,1.1200016551820753,1.1069682776295668,1.1192713225772573,750.40110847448375,0.010454851158151923,0.035952280726485153,0.0040635622902033784,0.069316168552870705,1.1076905824088856,1.1200016551820753,1.1069682776295668,1.1192713225772573
2026-01-01 11:15:00+00:00,1.1192713225772573,1.1342374800151258,1.115701280235438,1.1306197014232395,824.1010672938238,0.010139077645491046,0.039382300416759497,0.0040365946834303532,0.074421413271558601,1.1192713225772573,1.1342374800151258,1.115701280235438,1.1306197014232395
2026-01-01 11:30:00+00:00,1.1306197014232395,1.137038026944152,1.1297642262909766,1.1361776954328016,201.73970304779255,0.0049158828583701908,0.040224045043921297,0.0036450924567943653,0.073642499185565091,1.1306197014232395,1.137038026944152,1.1297642262909766,1.1361776954328016
2026-01-01 11:45:00+00:00,1.1361776954328016,1.1483073752823867,1.1312710589116604,1.143348356171463,935.04063008660341,0.0063112141414904954,0.032191095897044386,0.0034420052802457092,0.074084412399863409,1.1361776954328016,1.1483073752823867,1.1312710589116604,1.143348356171463
2026-01-01 12:00:00+00:00,1.143348356171463,1.1446498966189613,1.1387814368092679,1.1400777784647811,286.65383226854453,-0.0028605260059441084,0.018589287036868241,0.0038565325999970626,0.065209712930213382,1.143348356171463,1.1446498966189613,1.1387814368092679,1.1400777784647811
2026-01-01 12:15:00+00:00,1.1400777784647811,1.1464211879941952,1.1368924331996488,1.1432181194211528,644.3745458371385,0.0027544971191355572,0.011142931599417816,0.0038935245027738206,0.062503137997676372,1.1400777784647811,1.1464211879941952,1.1368924331996488,1.1432181194211528
2026-01-01 12:30:00+00:00,1.1432181194211528,1.1440916821903608,1.1391814482477072,1.1400519264912339,706.2778343836701,-0.0027695440407488059,0.0034098812835403614,0.0042166868821847938,0.054264510132743249,1.1432181194211528,1.1440916821903608,1.1391814482477072,1.1400519264912339
2026-01-01 12:45:00+00:00,1.1400519264912339,1.1408502075401881,1.1399917591907665,1.1407899981096963,797.37181409509174,0.00064740175540412004,-0.0022376015568286167,0.0042613953766172542,0.049743475278295923,1.1400519264912339,1.1408502075401881,1.1399917591907665,1.1407899981096963
2026-01-01 13:00:00+00:00,1.1407899981096963,1.1409806433026006,1.1404155927352548,1.1406061753587249,125.36839371004059,-0.0001611363627626039,0.00046347442597771682,0.0042795701864622674,0.044809358307811298,1.1407899981096963,1.1409806433026006,1.1404155927352548,1.1406061753587249
2026-01-01 13:15:00+00:00,1.1406061753587249,1.1418229992309812,1.1401029416909585,1.1413192287024179,888.79043856777184,0.00062515297488086041,-0.0016610047430812847,0.0042695361558674205,0.041053476984484361,1.1406061753587249,1.1418229992309812,1.1401029416909585,1.1413192287024179
2026-01-01 13:30:00+00:00,1.1413192287024179,1.1461929947910647,1.1370491605319968,1.1419046921837552,830.86739624661618,0.00051297083814394462,0.0016251590383462577,0.0043323443716289274,0.037400584325649078,1.1413192287024179,1.1461929947910647,1.1370491605319968,1.1419046921837552
2026-01-01 13:45:00+00:00,1.1419046921837552,1.1423137732184381,1.140899605314877,1.1413083262827528,725.99116284297611,-0.00052225540807782078,0.00045435897397005931,0.0043169300390897775,0.033079471000376559,1.1419046921837552,1.1423137732184381,1.140899605314877,1.1413083262827528
2026-01-01 14:00:00+00:00,1.1413083262827528,1.1427796255787808,1.1410643298268073,1.1425353145787234,452.22070591790214,0.0010750717117493647,0.0016913280514123663,0.0043117351767201608,0.030422524651600336,1.1413083262827528,1.1427796255787808,1.1410643298268073,1.1425353145787234
2026-01-01 14:15:00+00:00,1.1425353145787234,1.1453033105639658,1.1411674887752099,1.1439321709579953,745.61828824525969,0.0012225936139111937,0.0022894052688029465,0.00433263800837026,0.027976376808139358,1.1425353145787234,1.1453033105639658,1.1411674887752099,1.1439321709579953
2026-01-01 14:30:00+00:00,1.1439321709579953,1.1516508445585285,1.1420988060932715,1.1498051090783603,680.60433972903115,0.005133991568264662,0.0069186307304653916,0.0041241607006691251,0.029737552308868098,1.1439321709579953,1.1516508445585285,1.1420988060932715,1.1498051090783603
2026-01-01 14:45:00+00:00,1.1498051090783603,1.152483098262759,1.1492638055168138,1.1519405339613953,791.65144306414493,0.0018572059440113975,0.0093158066350673696,0.0040851615095699578,0.028082326981406558,1.1498051090783603,1.152483098262759,1.1492638055168138,1.1519405339613953
2026-01-01 15:00:00+00:00,1.1519405339613953,1.1519714374093328,1.1506093617565398,1.1506402294927289,576.29193283848281,-0.0011287947861290393,0.0070937981614984658,0.0041910677666204335,0.023535574770935597,1.1519405339613953,1.1519714374093328,1.1506093617565398,1.1506402294927289
2026-01-01 15:15:00+00:00,1.1506402294927289,1.1524397659444561,1.149540450335546,1.1513382667946712,973.50126592934987,0.00060665122255465498,0.0064742438622682474,0.0042218717676826044,0.020940195474348444,1.1506402294927289,1.1524397659444561,1.149540450335546,1.1513382667946712
2026-01-01 15:30:00+00:00,1.1513382667946712,1.1534188264971192,1.150871051258312,1.1529507666651735,964.22914296881515,0.001400543973051116,0.0027358180634060592,0.0042132296306936646,0.019320546618489809,1.1513382667946712,1.1534188264971192,1.150871051258312,1.1529507666651735
2026-01-01 15:45:00+00:00,1.1529507666651735,1.1607535585027871,1.1508630379594758,1.1586517007354022,485.32586790086503,0.0049446465842755138,0.0058259663378004145,0.0042260607773866024,0.021264811711604992,1.1529507666651735,1.1607535585027871,1.1508630379594758,1.1586517007354022
2026-01-01 16:00:00+00:00,1.1586517007354022,1.164183528364791,1.1583305752454993,1.1638608697041721,806.53863547454171,0.0044958885966019935,0.011489812256322507,0.004233714578596579,0.022722500253055333,1.1586517007354022,1.164183528364791,1.1583305752454993,1.1638608697041721
2026-01-01 16:15:00+00:00,1.1638608697041721,1.1712287014111342,1.1612961969817186,1.1686477930049366,956.77827486086392,0.0041129686763858864,0.015034266391974471,0.0041667492381042412,0.023897302064006309,1.1638608697041721,1.1712287014111342,1.1612961969817186,1.1686477930049366
2026-01-01 16:30:00+00:00,1.1686477930049366,1.169731638676297,1.1624360413135009,1.16351412598465,840.98483457093255,-0.0043928265222548113,0.0091620211590042189,0.0044220879640903639,0.01675410995078086,1.1686477930049366,1.169731638676297,1.1624360413135009,1.16351412598465
2026-01-01 16:45:00+00:00,1.16351412598465,1.1674660928755261,1.1625119943793953,1.1664605574517566,175.04288331500845,0.002532355560886046,0.0067396066578058189,0.0036830779763747921,0.017152313387465368,1.16351412598465,1.1674660928755261,1.1625119943793953,1.1664605574517566
2026-01-01 17:00:00+00:00,1.1664605574517566,1.1688185523309833,1.1628589827511682,1.1652096970630006,857.58326421431127,-0.0010723554952329906,0.001158924914428372,0.0032848050155436319,0.014368490029062153,1.1664605574517566,1.1688185523309833,1.1628589827511682,1.1652096970630006
2026-01-01 17:15:00+00:00,1.1652096970630006,1.1652181398015402,1.165198907128159,1.1652073497885183,614.89557363920051,-2.0144652831399767e-06,-0.0029439521787586465,0.002760025943632964,0.013095428303904644,1.1652096970630006,1.1652181398015402,1.165198907128159,1.1652073497885183
2026-01-01 17:30:00+00:00,1.1652073497885183,1.1655577874854728,1.1603984172439783,1.1607474086479226,963.8227188462356,-0.0038275944117629468,-0.002377897504584281,0.002832578932416847,0.0083202099030552645,1.1652073497885183,1.1655577874854728,1.1603984172439783,1.1607474086479226
2026-01-01 17:45:00+00:00,1.1607474086479226,1.1626389414996277,1.1597849483077385,1.1616749127515897,887.22106547161695,0.00079905765609034063,-0.0041027059762925866,0.0025872245641675421,0.0084569749813518946,1.1607474086479226,1.1626389414996277,1.1597849483077385,1.1616749127515897
2026-01-01 18:00:00+00:00,1.1616749127515897,1.1623316423657772,1.1547668128716657,1.15541963713013,121.35505717580071,-0.005384704062036838,-0.0084019725870349005,0.0027808737846900834,0.0024704300364295495,1.1616749127515897,1.1623316423657772,1.1547668128716657,1.15541963713013
2026-01-01 18:15:00+00:00,1.15541963713013,1.1555405099218685,1.1474109039876716,1.1475309389557296,610.78298558018173,-0.0068275611049805063,-0.015170184805302633,0.0031194712961940597,-0.0045292047552789594,1.15541963713013,1.1555405099218685,1.1474109039876716,1.1475309389557296
2026-01-01 18:30:00+00:00,1.1475309389557296,1.148616882078193,1.1372769381383543,1.1383531775907141,280.83248001545905,-0.007997833481829586,-0.019292940815861082,0.0034932283471908452,-0.012430175712223268,1.1475309389557296,1.148616882078193,1.1372769381383543,1.1383531775907141
2026-01-01 18:45:00+00:00,1.1383531775907141,1.140568620886153,1.1342791851743561,1.1364866997361101,117.73240989314839,-0.0016396298542025178,-0.021682669341475114,0.0035043745134708854,-0.013896032325661056,1.1383531775907141,1.140568620886153,1.1342791851743561,1.1364866997361101
2026-01-01 19:00:00+00:00,1.1364866997361101,1.1374596762333777,1.1236325506993521,1.1245945224176741,527.43749505416736,-0.010463982835168473,-0.026678718036176274,0.0040880403841342672,-0.023649424354442949,1.1364866997361101,1.1374596762333777,1.1236325506993521,1.1245945224176741
2026-01-01 19:15:00+00:00,1.1245945224176741,1.1261404189464461,1.1096949230435122,1.1112203382001153,665.05253343539027,-0.011892450079524441,-0.03164237191605257,0.0046827469524237672,-0.034209069355553456,1.1245945224176741,1.1261404189464461,1.1096949230435122,1.1112203382001153
2026-01-01 19:30:00+00:00,1.1112203382001153,1.1129906551994768,1.10743213259951,1.1091964144998534,693.68611053654342,-0.0018213522833285811,-0.025613108185431499,0.0046719657614242112,-0.034824879919292395,1.1112203382001153,1.1129906551994768,1.10743213259951,1.1091964144998534
2026-01-01 19:45:00+00:00,1.1091964144998534,1.1131097476246257,1.0983908448617563,1.1022660550778678,882.15763516638106,-0.0062480903574778646,-0.030110906415524497,0.0047807973635353926,-0.039495751138952429,1.1091964144998534,1.1131097476246257,1.0983908448617563,1.1022660550778678
2026-01-01 20:00:00+00:00,1.1022660550778678,1.1037566589088861,1.0915171269708994,1.0929931949343366,935.78025239709962,-0.0084125425987795488,-0.028100196873981242,0.0049530918000247493,-0.045859752970194401,1.1022660550778678,1.1037566589088861,1.0915171269708994,1.0929931949343366
2026-01-01 20:15:00+00:00,1.0929931949343366,1.0990057257605952,1.0776898988475323,1.0836182465883959,831.60989480744217,-0.0085773162993058039,-0.024839440624734754,0.0050921849163430349,-0.051963894560758894,1.0929931949343366,1.0990057257605952,1.0776898988475323,1.0836182465883959
2026-01-01 20:30:00+00:00,1.0836182465883959,1.084344605130408,1.0763378312949203,1.0770593097125394,946.90339782962008,-0.00605281139968461,-0.028973321917746153,0.0048958845594243633,-0.055196723128394076,1.0836182465883959,1.084344605130408,1.0763378312949203,1.0770593097125394
2026-01-01 20:45:00+00:00,1.0770593097125394,1.0772188024918563,1.0644326747495456,1.0645902977552248,692.89590605042497,-0.011576903746036482,-0.034180275396380022,0.0051143392055321736,-0.063143542204813774,1.0770593097125394,1.0772188024918563,1.0644326747495456,1.0645902977552248
2026-01-01 21:00:00+00:00,1.0645902977552248,1.065704496308123,1.0539898122292786,1.0550929163304823,198.33980473680225,-0.0089211609806782999,-0.034675676646029996,0.0052189211341310124,-0.068236990350778681,1.0645902977552248,1.065704496308123,1.0539898122292786,1.0550929163304823
2026-01-01 21:15:00+00:00,1.0550929163304823,1.0556091519567643,1.0517535449377597,1.0522681466771531,489.78929432007027,-0.0026772709868563282,-0.028930945016793275,0.0051465897197164774,-0.067331615134496592,1.0550929163304823,1.0556091519567643,1.0517535449377597,1.0522681466771531
2026-01-01 21:30:00+00:00,1.0522681466771531,1.0522918494174023,1.0421609930630473,1.0421844681358168,631.00444534810913,-0.0095828031791882484,-0.032379685373157829,0.0051589175529169595,-0.072474969531686195,1.0522681466771531,1.0522918494174023,1.0421609930630473,1.0421844681358168
2026-01-01 21:45:00+00:00,1.0421844681358168,1.043908467854348,1.0415131570996663,1.0432360463237766,801.49427659406217,0.0010090134905202941,-0.020058656815185483,0.0049127104990473337,-0.067548275888463793,1.0421844681358168,1.043908467854348,1.0415131570996663,1.0432360463237766
2026-01-01 22:00:00+00:00,1.0432360463237766,1.0445283771691827,1.0342373980076653,1.0355185815860393,354.99966323530759,-0.0073976208595674109,-0.018552237856473197,0.0045693744340496566,-0.070001067231910463,1.0432360463237766,1.0445283771691827,1.0342373980076653,1.0355185815860393
2026-01-01 22:15:00+00:00,1.0355185815860393,1.0378486027034379,1.0296349363588329,1.0319517186818048,493.3516395215749,-0.0034445184931122252,-0.019307272637210771,0.0041678647319576163,-0.068439272415270369,1.0355185815860393,1.0378486027034379,1.0296349363588329,1.0319517186818048
2026-01-01 22:30:00+00:00,1.0319517186818048,1.0327498273987747,1.0221029241116302,1.0228934157970513,547.09004182128524,-0.0087778359401585737,-0.018510209016328827,0.0042283833463370741,-0.07170643101569163,1.0319517186818048,1.0327498273987747,1.0221029241116302,1.0228934157970513
2026-01-01 22:45:00+00:00,1.0228934157970513,1.0241356251204028,1.0157675390253846,1.0170010946313242,398.76361720494396,-0.0057604449053333395,-0.025147666038669692,0.0038813482126136508,-0.071808097346475197,1.0228934157970513,1.0241356251204028,1.0157675390253846,1.0170010946313242
2026-01-01 23:00:00+00:00,1.0170010946313242,1.0179734537030476,1.0154670534100698,1.0164379457784576,935.95940862330906,-0.00055373475588116339,-0.018426164577710513,0.0039095137189165078,-0.067043857616944869,1.0170010946313242,1.0179734537030476,1.0154670534100698,1.0164379457784576
2026-01-01 23:15:00+00:00,1.0164379457784576,1.0213887935023185,1.0091258325078634,1.0140410645214957,519.52409840560892,-0.0023581186307701785,-0.017356097030574058,0.0037887674008286599,-0.063831626711399525,1.0164379457784576,1.0213887935023185,1.0091258325078634,1.0140410645214957
2026-01-01 23:30:00+00:00,1.0140410645214957,1.0154104699767406,1.0061407614507298,1.0074994979907781,240.82580132421049,-0.0064509877948625283,-0.015049385956090067,0.0037681938772953592,-0.064355237830432399,1.0140410645214957,1.0154104699767406,1.0061407614507298,1.0074994979907781
2026-01-01 23:45:00+00:00,1.0074994979907781,1.0100907320534946,1.0036228082768444,1.0062040717038856,824.68882765703063,-0.0012857835556999708,-0.010616530291299831,0.0036290991603865194,-0.059902700814481014,1.0074994979907781,1.0100907320534946,1.0036228082768444,1.0062040717038856
2026-01-02 00:00:00+00:00,1.0062040717038856,1.0076540300035572,0.99637424305845157,0.99781003639692922,420.04037741802955,-0.0083422792085725561,-0.018326656790899176,0.0036587251573861209,-0.061989985843261874,1.0062040717038856,1.0076540300035572,0.99637424305845157,0.99781003639692922
2026-01-02 00:15:00+00:00,0.99781003639692922,1.002270994243132,0.99451655881370749,0.99896279234954044,469.45408611843561,0.0011552859868735332,-0.014869488721416135,0.003940363213898161,-0.055409417972024144,0.99781003639692922,1.002270994243132,0.99451655881370749,0.99896279234954044
2026-01-02 00:30:00+00:00,0.99896279234954044,0.99995963768928298,0.99355528130044468,0.99454673059117504,701.14230829085079,-0.0044206468871367255,-0.012856351219463935,0.0039193560646282495,-0.054226554062479448,0.99896279234954044,0.99995963768928298,0.99355528130044468,0.99454673059117504
2026-01-02 00:45:00+00:00,0.99454673059117504,0.99759103441673647,0.99026573579984889,0.99329693551635267,613.96909541370144,-0.0012566479144519027,-0.012827553128140545,0.0039369385528005545,-0.050025232545115705,0.99454673059117504,0.99759103441673647,0.99026573579984889,0.99329693551635267
2026-01-02 01:00:00+00:00,0.99329693551635267,0.99608291861464093,0.99206372750986649,0.99484625172638441,108.48919266090509,0.0015597714586992328,-0.0029702894964326321,0.0040527972708665344,-0.043598520278973818,0.99329693551635267,0.99608291861464093,0.99206372750986649,0.99484625172638441
2026-01-02 01:15:00+00:00,0.99484625172638441,0.99841668060551303,0.98711768784837817,0.99066037948909802,569.75964696221558,-0.0042075569265326296,-0.0083110331275855209,0.0037865716276087912,-0.043001084910508358,0.99484625172638441,0.99841668060551303,0.98711768784837817,0.99066037948909802
2026-01-02 01:30:00+00:00,0.99066037948909802,0.99115120561217229,0.98865333072696482,0.98914316245076461,483.53540926216459,-0.0015315208619889331,-0.0054331968264562658,0.003796821990779489,-0.039826953109230123,0.99066037948909802,0.99115120561217229,0.98865333072696482,0.98914316245076461
2026-01-02 01:45:00+00:00,0.98914316245076461,0.99170939135289038,0.98169195678130194,0.98423885430646374,753.32954710167758,-0.0049581378413915411,-0.0091192078481348027,0.0037838703819952687,-0.040004830113041345,0.98914316245076461,0.99170939135289038,0.98169195678130194,0.98423885430646374
2026-01-02 02:00:00+00:00,0.98423885430646374,0.9921497750649283,0.98219926526688939,0.99009379261921959,352.06214814939949,0.0059486965863397856,-0.0047770789696576221,0.0042750629685682469,-0.030238697928503866,0.98423885430646374,0.9921497750649283,0.98219926526688939,0.99009379261921959
2026-01-02 02:15:00+00:00,0.99009379261921959,0.9934353409522324,0.98874877063534894,0.99208577954391375,434.76604821435308,0.0020119173956485437,0.0014388382581231873,0.0043391187876757921,-0.024644145480779645,0.99009379261921959,0.9934353409522324,0.98874877063534894,0.99208577954391375
2026-01-02 02:30:00+00:00,0.99208577954391375,0.99690184543434268,0.99078771695391077,0.99559748141850313,329.11563766770593,0.003539715967104895,0.0065251615870718371,0.0045461158385120609,-0.017914438931076915,0.99208577954391375,0.99690184543434268,0.99078771695391077,0.99559748141850313
2026-01-02 02:45:00+00:00,0.99559748141850313,0.99726472964254098,0.99262487552120826,0.99428714575766031,989.79684466061588,-0.0013161299473918309,0.010209200142049957,0.0041993770777341496,-0.016364735212895387,0.99559748141850313,0.99726472964254098,0.99262487552120826,0.99428714575766031
2026-01-02 03:00:00+00:00,0.99428714575766031,0.99465158437068169,0.99304316129397707,0.99340714394618812,437.45527170891739,-0.00088505801893035141,0.0033465024744809835,0.0040089876801101682,-0.01473005837403929,0.99428714575766031,0.99465158437068169,0.99304316129397707,0.99340714394618812
2026-01-02 03:15:00+00:00,0.99340714394618812,0.99502203523863353,0.98761496931993642,0.98922044480293736,497.38686757405281,-0.0042144846337822672,-0.0028881925334053316,0.0040242060025747119,-0.01631951401494014,0.99340714394618812,0.99502203523863353,0.98761496931993642,0.98922044480293736
2026-01-02 03:30:00+00:00,0.98922044480293736,0.99225679018558,0.98851227433514743,0.99154644603634101,391.37794232665942,0.002351347715894736,-0.0040689490057671529,0.00385280300095383,-0.011933475434827145,0.98922044480293736,0.99225679018558,0.98851227433514743,0.99154644603634101
2026-01-02 03:45:00+00:00,0.99154644603634101,0.99722980661832239,0.98903124297247402,0.9947001868763401,781.88123267297237,0.0031806284542756913,0.00041541432014091662,0.0039523758197742113,-0.0067892549050824202,0.99154644603634101,0.99722980661832239,0.98903124297247402,0.9947001868763401
2026-01-02 04:00:00+00:00,0.9947001868763401,0.99548583495629583,0.99307828283550936,0.99386264988042328,784.29910909689988,-0.0008419994355756133,0.0004585289495964151,0.0037843225940550709,-0.0059027026816209638,0.9947001868763401,0.99548583495629583,0.99307828283550936,0.99386264988042328
2026-01-02 04:15:00+00:00,0.99386264988042328,0.99890712884918997,0.99228433261367799,0.99732080062815531,998.43639981784258,0.0034795056924095125,0.0081886255665000185,0.0039076589028006689,-0.0010018858988699586,0.99386264988042328,0.99890712884918997,0.99228433261367799,0.99732080062815531
2026-01-02 04:30:00+00:00,0.99732080062815531,0.99829442998884421,0.99041938982133704,0.99138628171481613,404.58710993945033,-0.0059504613857460642,-0.00016152982259698412,0.0037138127559645847,-0.0056387955050231087,0.99732080062815531,0.99829442998884421,0.99041938982133704,0.99138628171481613
2026-01-02 04:45:00+00:00,0.99138628171481613,0.99810996482021985,0.98977104710910357,0.99648377552829659,777.31378836357419,0.005141783689666557,0.001793091702895433,0.0038095389789474868,0.0003317327829628347,0.99138628171481613,0.99810996482021985,0.98977104710910357,0.99648377552829659
2026-01-02 05:00:00+00:00,0.99648377552829659,1.0042281070704488,0.99432588217556328,1.0020534433076331,650.84511811348932,0.0055893210869226717,0.008241373622597914,0.0040297498584072871,0.0065285047251322226,0.99648377552829659,1.0042281070704488,0.99432588217556328,1.0020534433076331
2026-01-02 05:15:00+00:00,1.0020534433076331,1.0035807392691702,1.0002857645826206,1.0018103663080411,824.69625670517132,-0.00024257887761924835,0.0045016264346016133,0.0040123992785730438,0.0067997111618318673,1.0020534433076331,1.0035807392691702,1.0002857645826206,1.0018103663080411
2026-01-02 05:30:00+00:00,1.0018103663080411,1.0032550737675507,1.0009538518155194,1.0023973240982751,482.75675633071296,0.00058589710186085497,0.011106712475799974,0.0038104843356828971,0.0076048663193020172,1.0018103663080411,1.0032550737675507,1.0009538518155194,1.0023973240982751
2026-01-02 05:45:00+00:00,1.0023973240982751,1.0024950851432297,0.99541614175898374,0.9955132219484889,837.00885221556382,-0.0068676381952424981,-0.00097397830616274828,0.0040426237503681083,0.0011332743314587113,1.0023973240982751,1.0024950851432297,0.99541614175898374,0.9955132219484889
2026-01-02 06:00:00+00:00,0.9955132219484889,1.0020484122661006,0.99466234977698476,1.0011919544213435,832.88162112487976,0.0057043265198826187,-0.00085972349283691685,0.0038611200456983631,0.0067014070099438161,0.9955132219484889,1.0020484122661006,0.99466234977698476,1.0011919544213435
2026-01-02 06:15:00+00:00,1.0011919544213435,1.0120138364875846,1.0001858495534337,1.0109968566339353,325.51301117331786,0.0097932291298312713,0.0091698894669547393,0.0043328582942873907,0.016047994896094542,1.0011919544213435,1.0120138364875846,1.0001858495534337,1.0109968566339353
2026-01-02 06:30:00+00:00,1.0109968566339353,1.0211792061723661,1.0066982794678074,1.0168373354836755,768.71335286109581,0.0057769505527305309,0.014405476788747595,0.0043285223759117293,0.020964669626611476,1.0109968566339353,1.0211792061723661,1.0066982794678074,1.0168373354836755
2026-01-02 06:45:00+00:00,1.0168373354836755,1.0239935969202822,1.0158267130416603,1.0229758619557854,303.81071174806857,0.0060368814734659271,0.027586414124711078,0.0044231096939980254,0.02585436909845007,1.0168373354836755,1.0239935969202822,1.0158267130416603,1.0229758619557854
2026-01-02 07:00:00+00:00,1.0229758619557854,1.03141875646345,1.0211670305496479,1.0295949962859581,689.76517221802635,0.0064704697112969445,0.028369227039015454,0.0045504485673846431,0.030995187179226447,1.0229758619557854,1.03141875646345,1.0211670305496479,1.0295949962859581
2026-01-02 07:15:00+00:00,1.0295949962859581,1.0332072946612347,1.029539807065226,1.0331519118110337,323.56889052667555,0.0034546744476289248,0.021914069298753835,0.0044032929735395767,0.032726032043121744,1.0295949962859581,1.0332072946612347,1.029539807065226,1.0331519118110337
2026-01-02 07:30:00+00:00,1.0331519118110337,1.036467291531721,1.0311596365402487,1.0344686230587792,365.85872333092715,0.0012744604473871046,0.017339339302207213,0.0043489942302579318,0.032093831986540255,1.0331519118110337,1.036467291531721,1.0311596365402487,1.0344686230587792
2026-01-02 07:45:00+00:00,1.0344686230587792,1.0418004069626201,1.0291412259561141,1.0364352519971682,512.62460181755887,0.0019011006177973577,0.013157094455435558,0.0040984016148196576,0.031817050570574379,1.0344686230587792,1.0418004069626201,1.0291412259561141,1.0364352519971682
2026-01-02 08:00:00+00:00,1.0364352519971682,1.041886630141982,1.0363122405494689,1.0417629716862655,250.59662796604215,0.0051404269382298029,0.011818215360603679,0.0040691611465049696,0.034902934102298389,1.0364352519971682,1.041886630141982,1.0363122405494689,1.0417629716862655
2026-01-02 08:15:00+00:00,1.0417629716862655,1.0483243112247587,1.0394436729127536,1.0459904048032906,533.42447238601926,0.0040579606224460107,0.01242652977310188,0.0040879744107322341,0.036789208144982988,1.0417629716862655,1.0483243112247587,1.0394436729127536,1.0459904048032906
2026-01-02 08:30:00+00:00,1.0459904048032906,1.0623944467235069,1.0446756638189942,1.0610590869399161,662.33070435851857,0.014406138017546422,0.025704466320604968,0.004783640652709243,0.048889586498846338,1.0459904048032906,1.0623944467235069,1.0446756638189942,1.0610590869399161
2026-01-02 08:45:00+00:00,1.0610590869399161,1.0755968505666449,1.0593547898170494,1.0738692025587737,697.68832820892919,0.01207295218195803,0.036117982758181677,0.0050709326020860652,0.058084497747501684,1.0610590869399161,1.0755968505666449,1.0593547898170494,1.0738692025587737
2026-01-02 09:00:00+00:00,1.0738692025587737,1.079354208497761,1.0727910821947146,1.0782705814140887,192.87024503019342,0.0040986172662624831,0.035044065416079739,0.0049967789623455708,0.058732555258274033,1.0738692025587737,1.079354208497761,1.0727910821947146,1.0782705814140887
2026-01-02 09:15:00+00:00,1.0782705814140887,1.0886221184020268,1.0766432195140887,1.0869791336173902,290.8913742667051,0.0080764071221164357,0.039186524681178003,0.0048050449021532042,0.06303174493753505,1.0782705814140887,1.0886221184020268,1.0766432195140887,1.0869791336173902
2026-01-02 09:30:00+00:00,1.0869791336173902,1.0987201317320254,1.0867794319745074,1.0985182730131327,418.32824033042289,0.01061578740462199,0.035303581614147816,0.0049788297042907964,0.06965408121583172,1.0869791336173902,1.0987201317320254,1.0867794319745074,1.0985182730131327
2026-01-02 09:45:00+00:00,1.0985182730131327,1.1065973465416203,1.0963351987084511,1.1043982167754511,520.24004722407994,0.0053526135220220983,0.028428987574961706,0.0049775319228153314,0.070614592964418632,1.0985182730131327,1.1065973465416203,1.0963351987084511,1.1043982167754511
2026-01-02 10:00:00+00:00,1.1043982167754511,1.1131188919074533,1.1039258521280013,1.1126427973204114,831.42156624651318,0.0074652244269572954,0.031877171183920749,0.0048865972161199756,0.073456764736693714,1.1043982167754511,1.1131188919074533,1.1039258521280013,1.1126427973204114
2026-01-02 10:15:00+00:00,1.1126427973204114,1.1241756898443986,1.1107477245844448,1.1222609740835172,565.66568883951209,0.0086444425706699857,0.032458617994543859,0.0049427053801825256,0.077325337152367446,1.1126427973204114,1.1241756898443986,1.1107477245844448,1.1222609740835172
2026-01-02 10:30:00+00:00,1.1222609740835172,1.1274749097121155,1.1198622411791674,1.1250650324846161,254.79817950720573,0.0024985796226129064,0.024165969855620251,0.0044048108308523447,0.074273062035435933,1.1222609740835172,1.1274749097121155,1.1198622411791674,1.1250650324846161
2026-01-02 10:45:00+00:00,1.1250650324846161,1.1351463901230823,1.1250113362600591,1.1350922127433671,598.50931271806371,0.0089125339151345795,0.027792507722019133,0.0044659821827651019,0.077903331336366177,1.1250650324846161,1.1351463901230823,1.1250113362600591,1.1350922127433671
2026-01-02 11:00:00+00:00,1.1350922127433671,1.1478488646582026,1.1325509193362193,1.1452790111085001,673.53376965406846,0.0089744236201856342,0.029332157514241564,0.0045236303582417148,0.08144825788886445,1.1350922127433671,1.1478488646582026,1.1325509193362193,1.1452790111085001
2026-01-02 11:15:00+00:00,1.1452790111085001,1.1581346829753314,1.1439142347350237,1.1567545870883928,462.31183888638805,0.01001989547401716,0.03073582152586618,0.004432260843990443,0.085665829846873986,1.1452790111085001,1.1581346829753314,1.1439142347350237,1.1567545870883928
2026-01-02 11:30:00+00:00,1.1567545870883928,1.1664004905869818,1.1549301258543718,1.1645608156013174,643.97883061873824,0.006748387773912512,0.035105333448572251,0.0042796752662198562,0.086104714896592327,1.1567545870883928,1.1664004905869818,1.1549301258543718,1.1645608156013174
2026-01-02 11:45:00+00:00,1.1645608156013174,1.1757812787381758,1.163932953224571,1.175147366950734,885.0032332879025,0.0090905955340341293,0.035288017799504523,0.0032691475918691254,0.088380601513443402,1.1645608156013174,1.1757812787381758,1.163932953224571,1.175147366950734
2026-01-02 12:00:00+00:00,1.175147366950734,1.175630262818391,1.1737194262837733,1.1742017353768124,431.19754438704774,-0.00080469190547161062,0.025253867387579509,0.0036266600055292531,0.08029223558413312,1.175147366950734,1.175630262818391,1.1737194262837733,1.1742017353768124
2026-01-02 12:15:00+00:00,1.1742017353768124,1.1764958731311954,1.1664695521264097,1.1687485828570299,985.79867031758431,-0.0046441359738176313,0.010368660649815453,0.0042327867641429985,0.068811787496450671,1.1742017353768124,1.1764958731311954,1.1664695521264097,1.1687485828570299
2026-01-02 12:30:00+00:00,1.1687485828570299,1.1759020090666945,1.168690394899826,1.1758434649650944,865.91465048003465,0.0060704947258383157,0.0096883298945200647,0.004232332179479853,0.068824268814188905,1.1687485828570299,1.1759020090666945,1.168690394899826,1.1758434649650944
2026-01-02 12:45:00+00:00,1.1758434649650944,1.1817040682371249,1.1747950566657759,1.1806504344930151,785.21184948927691,0.0040881032817265961,0.004682874418176608,0.0042518563074943581,0.066822851320305299,1.1758434649650944,1.1817040682371249,1.1747950566657759,1.1806504344930151
2026-01-02 13:00:00+00:00,1.1806504344930151,1.1814755829872372,1.1764991676624312,1.1773214148647262,424.28341906854189,-0.0028196488401907027,0.0026568513688260964,0.0046145233861447071,0.057930751862746988,1.1806504344930151,1.1814755829872372,1.1764991676624312,1.1773214148647262
2026-01-02 13:15:00+00:00,1.1773214148647262,1.1775093263358336,1.1740968859517609,1.1742842827579993,146.59695659542137,-0.0025796966473049521,0.0047364334658164253,0.0048931820266621077,0.049655045372825279,1.1773214148647262,1.1775093263358336,1.1740968859517609,1.1742842827579993
2026-01-02 13:30:00+00:00,1.1742842827579993,1.180548464440166,1.1728648181726948,1.1791214277667528,223.13550928189886,0.0041192282650608369,0.0027877544072210103,0.0048238538236957491,0.04833090943789764,1.1742842827579993,1.180548464440166,1.1728648181726948,1.1791214277667528
2026-01-02 13:45:00+00:00,1.1791214277667528,1.1802409656484116,1.1713470201332075,1.1724591764648,797.18996885925776,-0.0056501825385117943,-0.006937919801581649,0.0052910406991844797,0.037181297180060913,1.1791214277667528,1.1802409656484116,1.1713470201332075,1.1724591764648
2026-01-02 14:00:00+00:00,1.1724591764648,1.1750972496182697,1.1662075351366099,1.168831541883774,839.55288566129491,-0.0030940391391400812,-0.0072111768916797159,0.0055531801318715237,0.029152036215348121,1.1724591764648,1.1750972496182697,1.1662075351366099,1.168831541883774
2026-01-02 14:15:00+00:00,1.168831541883774,1.1689214550879818,1.1684696170120927,1.1685595023749704,580.17969822196915,-0.00023274483880297847,-0.0048751230575814208,0.0056471091327889127,0.024306470921512835,1.168831541883774,1.1689214550879818,1.1684696170120927,1.1685595023749704
2026-01-02 14:30:00+00:00,1.1685595023749704,1.1697680334287355,1.1588041396294986,1.1600025816302073,524.50259811423939,-0.0073226230477542176,-0.016214484519000205,0.0057545681273797143,0.013144634749682194,1.1685595023749704,1.1697680334287355,1.1588041396294986,1.1600025816302073
2026-01-02 14:45:00+00:00,1.1600025816302073,1.1626735861921191,1.1557215430381917,1.1583826901447927,396.42379587845375,-0.0013964550692103783,-0.012005950059984838,0.0055598138731153667,0.008627706819865022,1.1600025816302073,1.1626735861921191,1.1557215430381917,1.1583826901447927
2026-01-02 15:00:00+00:00,1.1583826901447927,1.1598479524656056,1.1553234227525317,1.1567848153424884,539.10405654192891,-0.0013794014844131786,-0.010306640529113564,0.0056322771041561574,0.0043754423520485641,1.1583826901447927,1.1598479524656056,1.1553234227525317,1.1567848153424884
2026-01-02 15:15:00+00:00,1.1567848153424884,1.1604406792055704,1.1434208541984612,1.1470344830477652,666.15168830147684,-0.0084288211302604443,-0.018420131181559829,0.0059760413429314017,-0.0062493021829865825,1.1567848153424884,1.1604406792055704,1.1434208541984612,1.1470344830477652
2026-01-02 15:30:00+00:00,1.1470344830477652,1.1503665672390362,1.1428908310059838,1.1462108780722453,991.11941453296481,-0.00071802983056934444,-0.011889373158618155,0.005729804668230953,-0.008669552814986603,1.1470344830477652,1.1503665672390362,1.1428908310059838,1.1462108780722453
2026-01-02 15:45:00+00:00,1.1462108780722453,1.1475493984642833,1.1459942193702706,1.1473324867529398,217.34541202053907,0.00097853606360875922,-0.0095393374623645721,0.0056808508853283283,-0.0092324168979860399,1.1462108780722453,1.1475493984642833,1.1459942193702706,1.1473324867529398
2026-01-02 16:00:00+00:00,1.1473324867529398,1.1483081418848915,1.1467669947314592,1.1477421689869436,871.31437013322625,0.00035707368067594558,-0.007817051395913821,0.0055457747950590349,-0.010128752973676325,1.1473324867529398,1.1483081418848915,1.1467669947314592,1.1477421689869436
2026-01-02 16:15:00+00:00,1.1477421689869436,1.1484281119697601,1.136113576340025,1.1367925695463656,844.01796579265488,-0.0095401212366733601,-0.0089290371412252822,0.0057389578062711456,-0.020083956320002927,1.1477421689869436,1.1484281119697601,1.136113576340025,1.1367925695463656
2026-01-02 16:30:00+00:00,1.1367925695463656,1.1510370195533899,1.1321078204721426,1.1462935687636817,842.67288394385389,0.0083577245944768119,7.2142651076134712e-05,0.0059462438651521595,-0.012646904078111532,1.1367925695463656,1.1510370195533899,1.1321078204721426,1.1462935687636817
2026-01-02 16:45:00+00:00,1.1462935687636817,1.1478716256016135,1.1422154680225243,1.1437879107011031,922.64680655308439,-0.0021858781474984879,-0.0030894061597332989,0.0057146386707318522,-0.015112504086855716,1.1462935687636817,1.1478716256016135,1.1422154680225243,1.1437879107011031
2026-01-02 17:00:00+00:00,1.1437879107011031,1.1524263449214687,1.1385313316989765,1.1471300657166128,862.76074534814654,0.0029220058930865545,-0.00053331077908469471,0.0054438784151971415,-0.01230025252083744,1.1437879107011031,1.1524263449214687,1.1385313316989765,1.1471300657166128
2026-01-02 17:15:00+00:00,1.1471300657166128,1.1477935058523339,1.1448966349212615,1.1455587833572229,397.35903332602896,-0.0013697508297877414,0.0077113574153246933,0.005019754599732704,-0.013256821875302416,1.1471300657166128,1.1477935058523339,1.1448966349212615,1.1455587833572229
2026-01-02 17:30:00+00:00,1.1455587833572229,1.1456025999511079,1.1432611978661378,1.1433049265794426,452.10958649807361,-0.0019674736997564723,-0.0026072223256582427,0.0047906853349097278,-0.014446356463210241,1.1455587833572229,1.1456025999511079,1.1432611978661378,1.1433049265794426
2026-01-02 17:45:00+00:00,1.1433049265794426,1.1462056041330559,1.139686505454613,1.1425780027163441,190.54360713203749,-0.0006358092633024226,-0.0010578079847139987,0.0043086249282209034,-0.013919451314857723,1.1433049265794426,1.1462056041330559,1.139686505454613,1.1425780027163441
2026-01-02 18:00:00+00:00,1.1425780027163441,1.1492423543037271,1.1415195573800638,1.1481777353391778,285.29919371957448,0.0049009630935663573,0.00091329628075831337,0.0044830482221821181,-0.0081585282211108501,1.1425780027163441,1.1492423543037271,1.1415195573800638,1.1481777353391778
2026-01-02 18:15:00+00:00,1.1481777353391778,1.1495981643123896,1.1386125569477594,1.1400211526863573,559.30684297812786,-0.00710393731020309,-0.0048339995741090158,0.0045984344482979996,-0.014185179700721751,1.1481777353391778,1.1495981643123896,1.1386125569477594,1.1400211526863573
2026-01-02 18:30:00+00:00,1.1400211526863573,1.1429333371667503,1.1234983669175558,1.1263683439352403,211.61561221789799,-0.011975925814135424,-0.014813705644454278,0.0048557896985183101,-0.024251839544629505,1.1400211526863573,1.1429333371667503,1.1234983669175558,1.1263683439352403
2026-01-02 18:45:00+00:00,1.1263683439352403,1.1287873439537073,1.1184424794308194,1.120844457782719,896.71027299159539,-0.0049041560713809496,-0.019021497772542584,0.0047287224349649862,-0.026936516605219341,1.1263683439352403,1.1287873439537073,1.1184424794308194,1.120844457782719
2026-01-02 19:00:00+00:00,1.120844457782719,1.1235293957118762,1.107757874210358,1.1104114637536151,183.7429408116862,-0.0093081550759885889,-0.032892356664977807,0.004948859885589023,-0.033655064930337764,1.120844457782719,1.1235293957118762,1.107757874210358,1.1104114637536151
2026-01-02 19:15:00+00:00,1.1104114637536151,1.1121395969570758,1.1003559786913724,1.1020684625448576,574.77339515426502,-0.0075134321655461189,-0.033291215739346236,0.005056933686815715,-0.038397578899348472,1.1104114637536151,1.1121395969570758,1.1003559786913724,1.1020684625448576
2026-01-02 19:30:00+00:00,1.1020684625448576,1.1030165717283396,1.1010695802573431,1.1020168301026785,312.19808183140219,-4.6850485186600288e-05,-0.021619494158974573,0.0048837647288439371,-0.035739603729644909,1.1020684625448576,1.1030165717283396,1.1010695802573431,1.1020168301026785
2026-01-02 19:45:00+00:00,1.1020168301026785,1.1026128302122022,1.0961881632003634,1.0967810110112859,280.54056550569544,-0.0047511244369151662,-0.021469033106552571,0.0048643807674276672,-0.037665760594782216,1.1020168301026785,1.1026128302122022,1.0961881632003634,1.0967810110112859
2026-01-02 20:00:00+00:00,1.0967810110112859,1.0973332306027339,1.0890509558919312,1.0895992834686223,426.78898208732892,-0.0065480049987751698,-0.018742764249424892,0.004925253648751779,-0.041189787377101328,1.0967810110112859,1.0973332306027339,1.0890509558919312,1.0895992834686223
2026-01-02 20:15:00+00:00,1.0895992834686223,1.0955232423457721,1.0892605705053497,1.0951826878599362,328.39147443686193,0.0051242731855878354,-0.0062480462139539172,0.005167248999193577,-0.03367680634653103,1.0895992834686223,1.0955232423457721,1.0892605705053497,1.0951826878599362
2026-01-02 20:30:00+00:00,1.0951826878599362,1.0956724053405338,1.0929345889593622,1.0934233011891081,253.5426976784546,-0.0016064777961986021,-0.0077980015176081219,0.0050751405504006778,-0.032861889161148516,1.0951826878599362,1.0956724053405338,1.0929345889593622,1.0934233011891081
2026-01-02 20:45:00+00:00,1.0934233011891081,1.0958613365417662,1.0868186384833756,1.0892419472419035,111.12428054705931,-0.0038240944222218687,-0.0068738095332550042,0.0050774741243164263,-0.034099067586434106,1.0934233011891081,1.0958613365417662,1.0868186384833756,1.0892419472419035
2026-01-02 21:00:00+00:00,1.0892419472419035,1.0930243296124391,1.0772878841463682,1.0810287561457477,730.55799613335398,-0.0075402816765849368,-0.0078657607919778716,0.0051706748456114325,-0.038691459067969558,1.0892419472419035,1.0930243296124391,1.0772878841463682,1.0810287561457477
2026-01-02 21:15:00+00:00,1.0810287561457477,1.08121185025185,1.0774770166779621,1.0776595092250776,537.93785132576636,-0.0031167042518671639,-0.01600023341229051,0.0050313048402266429,-0.039217885695275068,1.0810287561457477,1.08121185025185,1.0774770166779621,1.0776595092250776
2026-01-02 21:30:00+00:00,1.0776595092250776,1.079173167237691,1.0713812731641543,1.0728861128976754,548.46128417946215,-0.0044294104831261727,-0.018782468115594697,0.0050284950263744747,-0.040861035829005576,1.0776595092250776,1.079173167237691,1.0713812731641543,1.0728861128976754
2026-01-02 21:45:00+00:00,1.0728861128976754,1.0742921210451692,1.0692341901696798,1.0706354125034252,372.87405258049546,-0.0020977999129576652,-0.017082095291677257,0.004968472654538438,-0.040130864637016206,1.0728861128976754,1.0742921210451692,1.0692341901696798,1.0706354125034252
2026-01-02 22:00:00+00:00,1.0706354125034252,1.071659321543021,1.0591432584765024,1.0601561769209291,524.93568907873646,-0.0097878656544648779,-0.019308070304472458,0.0051117550404653038,-0.046405914739948595,1.0706354125034252,1.071659321543021,1.0591432584765024,1.0601561769209291
2026-01-02 22:15:00+00:00,1.0601561769209291,1.0625994970934451,1.0547375191872539,1.0571683510905536,264.85786934611156,-0.0028182883762024602,-0.01901450129573734,0.0049354979459305028,-0.046247230716941035,1.0601561769209291,1.0625994970934451,1.0547375191872539,1.0571683510905536
2026-01-02 22:30:00+00:00,1.0571683510905536,1.0575923276273183,1.0503451769457766,1.0507664170539102,393.30449181290874,-0.0060557375086374154,-0.02061700266025801,0.0043322435302255461,-0.048606517323855347,1.0571683510905536,1.0575923276273183,1.0503451769457766,1.0507664170539102
2026-01-02 22:45:00+00:00,1.0507664170539102,1.0509769208694877,1.0453463462585497,1.0455557642518507,112.7325640117172,-0.0049589068678734805,-0.023425012808918511,0.0043295884154777933,-0.049803032294726157,1.0507664170539102,1.0509769208694877,1.0453463462585497,1.0455557642518507
2026-01-02 23:00:00+00:00,1.0455557642518507,1.0466901127652426,1.0383286130292133,1.0394551206329896,104.43212773411584,-0.005834833327351463,-0.019526421426004137,0.0041083525439406781,-0.051479897241848538,1.0455557642518507,1.0466901127652426,1.0383286130292133,1.0394551206329896
2026-01-02 23:15:00+00:00,1.0394551206329896,1.0396389104111499,1.0327689879665356,1.0329515955456618,532.29236401092282,-0.0062566675157339491,-0.022907189304248732,0.0040887040627072251,-0.05336144178890978,1.0394551206329896,1.0396389104111499,1.0327689879665356,1.0329515955456618
2026-01-02 23:30:00+00:00,1.0329515955456618,1.0351178296399044,1.0194599934735624,1.0215979339202415,898.02088791383312,-0.010991474987192218,-0.027759245689874534,0.0042760832116967911,-0.0593950438999723,1.0329515955456618,1.0351178296399044,1.0194599934735624,1.0215979339202415
2026-01-02 23:45:00+00:00,1.0215979339202415,1.0245609864466074,1.0068577387966149,1.0097780387185069,138.46870162065858,-0.011570006956041268,-0.034218859248453914,0.0044080245432464027,-0.065516990096962324,1.0215979339202415,1.0245609864466074,1.0068577387966149,1.0097780387185069
2026-01-03 00:00:00+00:00,1.0097780387185069,1.0127895888987493,0.99709688249072992,1.0000706125393601,994.47193444787206,-0.0096134257301400128,-0.037889570518105486,0.003943822051403559,-0.069184711083375205,1.0097780387185069,1.0127895888987493,0.99709688249072992,1.0000706125393601
2026-01-03 00:15:00+00:00,1.0000706125393601,1.0020593524157493,0.99906843028574288,1.0010551772230474,235.04326326788109,0.00098449516598364539,-0.030878909002280075,0.0041609619475423505,-0.063219764696486602,1.0000706125393601,1.0020593524157493,0.99906843028574288,1.0010551772230474
2026-01-03 00:30:00+00:00,1.0010551772230474,1.0016090551043431,0.99095618543975361,0.99150447560890353,847.75073011729717,-0.0095406345538692205,-0.029457242729395872,0.004020791328202912,-0.067252364339386417,1.0010551772230474,1.0016090551043431,0.99095618543975361,0.99150447560890353
2026-01-03 00:45:00+00:00,0.99150447560890353,0.99275811299149275,0.9883002761308004,0.98954986219103469,199.40203345029096,-0.0019713611647274032,-0.020032299923202435,0.0040772581586548647,-0.064275517165408691,0.99150447560890353,0.99275811299149275,0.9883002761308004,0.98954986219103469
2026-01-03 01:00:00+00:00,0.98954986219103469,0.99288375778670923,0.98939134286681485,0.99272470439452876,555.91990741735231,0.0032083701133205356,-0.0073453894682284915,0.0043182643426127139,-0.056900318433633079,0.98954986219103469,0.99288375778670923,0.98939134286681485,0.99272470439452876
2026-01-03 01:15:00+00:00,0.99272470439452876,0.99374809847170043,0.99161942764897715,0.99264168230283223,248.9373066608662,-8.3630528513123359e-05,-0.0084046265497116357,0.004369935197274152,-0.052876699057422205,0.99272470439452876,0.99374809847170043,0.99161942764897715,0.99264168230283223
2026-01-03 01:30:00+00:00,0.99264168230283223,0.99553195608321976,0.98697081803580633,0.98984457996645447,956.47013302442622,-0.0028178368753252192,-0.0016741181540604888,0.0042874403946604597,-0.05131485679903891,0.99264168230283223,0.99553195608321976,0.98697081803580633,0.98984457996645447
2026-01-03 01:45:00+00:00,0.98984457996645447,0.99216289204328356,0.98304055128397105,0.98534292766525255,205.97742747032817,-0.0045478375012716343,-0.0042513618429164124,0.0042870287827389171,-0.05140791808594769,0.98984457996645447,0.99216289204328356,0.98304055128397105,0.98534292766525255
2026-01-03 02:00:00+00:00,0.98534292766525255,0.98577228044292453,0.98531582223249048,0.9857451631992562,626.69093450987339,0.00040821882687769317,-0.0070306915546434201,0.0043729964547654888,-0.047050832942682752,0.98534292766525255,0.98577228044292453,0.98531582223249048,0.9857451631992562
2026-01-03 02:15:00+00:00,0.9857451631992562,0.99259597537573452,0.98363057726882652,0.99046669332344572,424.53512370405281,0.0047898080563395506,-0.0021911118766851923,0.0043425637268672615,-0.038430486478414627,0.9857451631992562,0.99259597537573452,0.98363057726882652,0.99046669332344572
2026-01-03 02:30:00+00:00,0.99046669332344572,0.9936562848919327,0.98830810497211818,0.99149074525667846,288.95953453664538,0.001033908500039038,0.001663054305232281,0.0044426178652306027,-0.033450962439059539,0.99046669332344572,0.9936562848919327,0.98830810497211818,0.99149074525667846
2026-01-03 02:45:00+00:00,0.99149074525667846,0.99316422887064293,0.98792115816190762,0.98958861686284072,979.55094893253306,-0.0019184529991203014,0.0043088442392824611,0.0044639893471913753,-0.031384508827456026,0.99149074525667846,0.99316422887064293,0.98792115816190762,0.98958861686284072
2026-01-03 03:00:00+00:00,0.98958861686284072,0.99089148422662898,0.98807724815790565,0.98937812569185279,241.9371218228772,-0.00021270573185772079,0.0036854986747343332,0.0044604989903192244,-0.027957196520422167,0.98958861686284072,0.99089148422662898,0.98807724815790565,0.98937812569185279
2026-01-03 03:15:00+00:00,0.98937812569185279,0.98953998954621269,0.98649266692428661,0.98665405871294642,973.90095367699757,-0.0027533123162607476,-0.0038493314678823554,0.0044630923840176346,-0.027008699259647329,0.98937812569185279,0.98953998954621269,0.98649266692428661,0.98665405871294642
2026-01-03 03:30:00+00:00,0.98665405871294642,1.0067344747860174,0.98275226882009648,1.0027532755360717,451.21134420831515,0.016316982311030293,0.011359188508085927,0.0060385984661078919,-0.0082745262427748045,0.98665405871294642,1.0067344747860174,0.98275226882009648,1.0027532755360717
2026-01-03 03:45:00+00:00,1.0027532755360717,1.0044589805566131,0.99736673765146733,0.99906328005450618,632.62781991256998,-0.0036798638025818953,0.0095743453695957825,0.0060392875495493574,-0.0090011128997687928,1.0027532755360717,1.0044589805566131,0.99736673765146733,0.99906328005450618
2026-01-03 04:00:00+00:00,0.99906328005450618,0.99911739903588281,0.99654942912226252,0.9966034119290299,367.22773920943882,-0.0024621744934335554,0.0073028562584447343,0.0058563406554426071,-0.0088376815585941015,0.99906328005450618,0.99911739903588281,0.99654942912226252,0.9966034119290299
2026-01-03 04:15:00+00:00,0.9966034119290299,1.0003506115520109,0.99092670582433817,0.99465256119872369,947.7881740831715,-0.0019574995499264114,0.0081066939472291821,0.0058573006380726773,-0.0082085432485521359,0.9966034119290299,1.0003506115520109,0.99092670582433817,0.99465256119872369
2026-01-03 04:30:00+00:00,0.99465256119872369,0.9980650660827316,0.98684605250516688,0.99023177441984145,193.13112205743806,-0.0044445537581027095,-0.012487120632476922,0.0058241560196269186,-0.010127061991494157,0.99465256119872369,0.9980650660827316,0.98684605250516688,0.99023177441984145
2026-01-03 04:45:00+00:00,0.99023177441984145,0.99149070684071761,0.98853904118346303,0.98979582154579482,522.98364183765091,-0.00044025336826025718,-0.0092761476612429616,0.0058126533363838506,-0.0082595505758925603,0.99023177441984145,0.99149070684071761,0.98853904118346303,0.98979582154579482
2026-01-03 05:00:00+00:00,0.98979582154579482,0.9930035178718718,0.98636475128641166,0.98956132831775534,812.21289784333908,-0.00023691070717313245,-0.0070660841885378245,0.005775363262289163,-0.0064248951214056493,0.98979582154579482,0.9930035178718718,0.98636475128641166,0.98956132831775534
2026-01-03 05:15:00+00:00,0.98956132831775534,0.99299413180354068,0.98591007845906387,0.98933021570286528,673.61061286814913,-0.00023355057263907408,-0.0053509594239058433,0.005714323311504876,-0.0048408496471370466,0.98956132831775534,0.99299413180354068,0.98591007845906387,0.98933021570286528
2026-01-03 05:30:00+00:00,0.98933021570286528,0.9928111081643457,0.98755730057865454,0.9910319551563701,256.32333009772901,0.0017200924691214148,0.00080807418747741444,0.005404151051178036,-0.0018503682279992217,0.98933021570286528,0.9928111081643457,0.98755730057865454,0.9910319551563701
2026-01-03 05:45:00+00:00,0.9910319551563701,0.99233994200190134,0.98501620531488865,0.98631625243494714,750.60688328956599,-0.004758376051233304,-0.0035154413012307151,0.0050025948829235233,-0.0056208783706656051,0.9910319551563701,0.99233994200190134,0.98501620531488865,0.98631625243494714
2026-01-03 06:00:00+00:00,0.98631625243494714,0.99105620648595483,0.98557015101898426,0.9903065195197992,834.83548733540488,0.0040456264154637989,0.00075305206531339763,0.0047465861250235997,-0.0011883163390598028,0.98631625243494714,0.99105620648595483,0.98557015101898426,0.9903065195197992
2026-01-03 06:15:00+00:00,0.9903065195197992,1.0015044981231693,0.98701172007840787,0.99817244244553194,468.14170235790255,0.0079429174409020309,0.0089375888882405885,0.0050382607615012814,0.0068671398642166093,0.9903065195197992,1.0015044981231693,0.98701172007840787,0.99817244244553194
2026-01-03 06:30:00+00:00,0.99817244244553194,1.0139929793791342,0.9947821794789784,1.0105489824301581,519.73335382870528,0.012399200236688168,0.01969364072696167,0.0052387953972306252,0.018536216964374574,0.99817244244553194,1.0139929793791342,0.9947821794789784,1.0105489824301581
2026-01-03 06:45:00+00:00,1.0105489824301581,1.018996548822334,1.0095616601391864,1.0180009731257893,112.08104876916441,0.0073742003853298765,0.032124301523594578,0.0053690767808317174,0.024822615570410322,1.0105489824301581,1.018996548822334,1.0095616601391864,1.0180009731257893
2026-01-03 07:00:00+00:00,1.0180009731257893,1.0292676817364022,1.017381866068015,1.0286417227217017,789.93482532057271,0.010452592754641277,0.038710442116943078,0.0056816866366748596,0.033976909609773953,1.0180009731257893,1.0292676817364022,1.017381866068015,1.0286417227217017
2026-01-03 07:15:00+00:00,1.0286417227217017,1.0368909807478046,1.0264014841425833,1.0346327764322483,849.56024092839277,0.0058242375145882708,0.036527089344791097,0.0057379136686075381,0.038173197770619227,1.0286417227217017,1.0368909807478046,1.0264014841425833,1.0346327764322483
2026-01-03 07:30:00+00:00,1.0346327764322483,1.0404478871396383,1.0345549742001987,1.040369647623363,520.28806941642983,0.0055448380544229625,0.029509371353274139,0.0057026849244018515,0.041729135774756232,1.0346327764322483,1.0404478871396383,1.0345549742001987,1.040369647623363
2026-01-03 07:45:00+00:00,1.040369647623363,1.0460548788036272,1.0396864846279483,1.0453679825778444,919.93866738790325,0.0048043836783393523,0.026883087712602283,0.0055466404932202141,0.044119201820304932,1.040369647623363,1.0460548788036272,1.0396864846279483,1.0453679825778444
2026-01-03 08:00:00+00:00,1.0453679825778444,1.0548103265585442,1.0445773601485784,1.0540125627885633,961.19908926402582,0.0082694135986465245,0.024664408905884505,0.0056500265375689605,0.049770975156697039,1.0453679825778444,1.0548103265585442,1.0445773601485784,1.0540125627885633
2026-01-03 08:15:00+00:00,1.0540125627885633,1.0633667712773995,1.0504181566817157,1.0597404653381359,383.0471739310853,0.0054343778734653458,0.024267246773746365,0.0056613712043030121,0.052450252167059563,1.0540125627885633,1.0633667712773995,1.0504181566817157,1.0597404653381359
2026-01-03 08:30:00+00:00,1.0597404653381359,1.0603325099045053,1.058772816050144,1.0593643200204694,489.33939126913288,-0.0003549409784465718,0.018257618761272187,0.0056876302812729129,0.049130096470100915,1.0597404653381359,1.0603325099045053,1.058772816050144,1.0593643200204694
2026-01-03 08:45:00+00:00,1.0593643200204694,1.0718958043679461,1.0550283551269446,1.0675085482659414,600.34818362471526,0.0076878445795820483,0.021179686059926039,0.0056807517311904679,0.053807340230806799,1.0593643200204694,1.0718958043679461,1.0550283551269446,1.0675085482659414
2026-01-03 09:00:00+00:00,1.0675085482659414,1.0808712609266657,1.0664504921628679,1.0797999604334585,357.61946263341633,0.011514111233566382,0.024465930061279728,0.0058773154124110239,0.061991215626504115,1.0675085482659414,1.0808712609266657,1.0664504921628679,1.0797999604334585
2026-01-03 09:15:00+00:00,1.0797999604334585,1.0846666519454171,1.0796083245365746,1.0844741523396733,311.17881418279603,0.0043287572490171566,0.023339381490585565,0.0057165363240979788,0.06232984544175868,1.0797999604334585,1.0846666519454171,1.0796083245365746,1.0844741523396733
2026-01-03 09:30:00+00:00,1.0844741523396733,1.0935217078509458,1.0834361436424349,1.0924750392503901,510.27979780975551,0.0073776649203260991,0.031255271302020882,0.0051385424380731484,0.066262629820560415,1.0844741523396733,1.0935217078509458,1.0834361436424349,1.0924750392503901
2026-01-03 09:45:00+00:00,1.0924750392503901,1.0987552501964855,1.0885063225066522,1.0947637188552137,507.6890227984594,0.0020949491041863944,0.025531571277387366,0.0049136223506303367,0.064354096335512478,1.0924750392503901,1.0987552501964855,1.0885063225066522,1.0947637188552137
2026-01-03 10:00:00+00:00,1.0947637188552137,1.0990097077801249,1.0930501417625742,1.0972894846603727,544.74297380061546,0.0023071332760278285,0.016197003952374223,0.0047414998787771601,0.062476160253663204,1.0947637188552137,1.0990097077801249,1.0930501417625742,1.0972894846603727
2026-01-03 10:15:00+00:00,1.0972894846603727,1.106187680391139,1.0970832033814191,1.1059797263255402,140.33262283120663,0.0079197347524544437,0.019830416372276227,0.0046265600185472237,0.066102329805784565,1.0972894846603727,1.106187680391139,1.0970832033814191,1.1059797263255402
2026-01-03 10:30:00+00:00,1.1059797263255402,1.1147017450525614,1.1034916770112648,1.112194074390628,812.10337452611304,0.0056188625497992639,0.018049872474677597,0.0042248733047698253,0.066866530723985962,1.1059797263255402,1.1147017450525614,1.1034916770112648,1.112194074390628
2026-01-03 10:45:00+00:00,1.112194074390628,1.1207885695371773,1.1084817042966464,1.1170475120517687,108.22301986113095,0.0043638406038082334,0.020354888285717854,0.0040739514027463182,0.066099913668422605,1.112194074390628,1.1207885695371773,1.1084817042966464,1.1170475120517687
2026-01-03 11:00:00+00:00,1.1170475120517687,1.1225283608562986,1.1150897855850983,1.1205610287080001,794.1152342015705,0.0031453600839035367,0.021208208383433513,0.0039390160173422189,0.063910874874982815,1.1170475120517687,1.1225283608562986,1.1150897855850983,1.1205610287080001
2026-01-03 11:15:00+00:00,1.1205610287080001,1.1354881213071262,1.1174548099640278,1.132340524348459,264.36284780515501,0.010512141096001404,0.023834793166144896,0.0039050010984846375,0.069046706629117605,1.1205610287080001,1.1354881213071262,1.1174548099640278,1.132340524348459
2026-01-03 11:30:00+00:00,1.132340524348459,1.1444164802068604,1.1291941882056891,1.1412365896557133,867.40644494999356,0.0078563516150524926,0.026112812443275901,0.003836883667508382,0.071116609933337571,1.132340524348459,1.1444164802068604,1.1291941882056891,1.1412365896557133
2026-01-03 11:45:00+00:00,1.1412365896557133,1.1465589233308688,1.1409916904981656,1.1463128820481518,400.7885714963864,0.0044480631259553594,0.026198858759936883,0.0031172267725331402,0.069191159800043645,1.1412365896557133,1.1465589233308688,1.1409916904981656,1.1463128820481518
2026-01-03 12:00:00+00:00,1.1463128820481518,1.1512501918430647,1.1427851904699173,1.147707306065711,576.15832825497773,0.0012164427700296354,0.024225612583556044,0.0032561128143160562,0.063983243846468474,1.1463128820481518,1.1512501918430647,1.1427851904699173,1.147707306065711
2026-01-03 12:15:00+00:00,1.147707306065711,1.1539517194971589,1.1471638284345806,1.1534052849283132,672.57292679559748,0.0049646620113752427,0.018602849696627066,0.0032423345046164228,0.06289224800180504,1.147707306065711,1.1539517194971589,1.1471638284345806,1.1534052849283132
2026-01-03 12:30:00+00:00,1.1534052849283132,1.1586268027455349,1.1505170219404928,1.1557254644607231,149.5884189888865,0.0020115908629239065,0.012695767850714246,0.0030446704789257586,0.059126436772863444,1.1534052849283132,1.1586268027455349,1.1505170219404928,1.1557254644607231
2026-01-03 12:45:00+00:00,1.1557254644607231,1.1605443044770256,1.1456477881225886,1.1504246088951322,239.92812936338532,-0.0045866044563310782,0.0035869149787741694,0.0036605075351652228,0.048964585305104169,1.1557254644607231,1.1605443044770256,1.1456477881225886,1.1504246088951322
2026-01-03 13:00:00+00:00,1.1504246088951322,1.1583200845623181,1.147850894703355,1.1557287067204254,472.15887543076201,0.0046105566451566382,0.006989064731330652,0.0034799095603143381,0.048737298078443958,1.1504246088951322,1.1583200845623181,1.147850894703355,1.1557287067204254
2026-01-03 13:15:00+00:00,1.1557287067204254,1.1627001241736816,1.1518279819173063,1.1587758699896493,121.02000421689695,0.0026365731434245809,0.0046562861567518432,0.0035027190461502629,0.046589914596029569,1.1557287067204254,1.1627001241736816,1.1518279819173063,1.1587758699896493
2026-01-03 13:30:00+00:00,1.1587758699896493,1.160974158153659,1.1566838679665008,1.1588781874395793,216.96067954088909,8.829787759645491e-05,0.0027279168589811054,0.0036231293054492203,0.042035056984455421,1.1587758699896493,1.160974158153659,1.1566838679665008,1.1588781874395793
2026-01-03 13:45:00+00:00,1.1588781874395793,1.1623191576158476,1.1522602251717127,1.1556815451284514,821.98816483147925,-0.0027583937171088424,0.004569561701542435,0.0039137488242133164,0.034883571696803006,1.1588781874395793,1.1623191576158476,1.1522602251717127,1.1556815451284514
2026-01-03 14:00:00+00:00,1.1556815451284514,1.1561787162755686,1.1516212300884907,1.152116654498806,955.7157603125678,-0.0030846651871119235,-0.003125346113335925,0.0040825580797855567,0.027928666669482904,1.1556815451284514,1.1561787162755686,1.1516212300884907,1.152116654498806
2026-01-03 14:15:00+00:00,1.152116654498806,1.1563112322073617,1.1504228081677066,1.1546112189920024,872.35547311014659,0.0021652013131270298,-0.0035940090793262769,0.0040775112508103662,0.026533902714241053,1.152116654498806,1.1563112322073617,1.1504228081677066,1.1546112189920024
2026-01-03 14:30:00+00:00,1.1546112189920024,1.1578567377485673,1.1488435481384396,1.1520728544386998,249.86692969330133,-0.0021984582442552414,-0.0058723454066516023,0.0041712816814113499,0.020771412825244751,1.1546112189920024,1.1578567377485673,1.1488435481384396,1.1520728544386998
2026-01-03 14:45:00+00:00,1.1520728544386998,1.1529830714179143,1.1516768445141821,1.1525867486182551,685.63688036043482,0.00044606048790685193,-0.0026778973180301424,0.0041175066172802356,0.018029199672225271,1.1520728544386998,1.1529830714179143,1.1516768445141821,1.1525867486182551
2026-01-03 15:00:00+00:00,1.1525867486182551,1.1559355199635828,1.1524190743168667,1.1557673584946155,801.8351322479291,0.0027595405553408892,0.0031686930152030612,0.0037181080899571788,0.017992412140738212,1.1525867486182551,1.1559355199635828,1.1524190743168667,1.1557673584946155
2026-01-03 15:15:00+00:00,1.1557673584946155,1.1577109979603826,1.1519138102756594,1.1538509692777359,776.52599937256161,-0.0016581098287598017,-0.00065844649849333692,0.0038137305227068092,0.013723417100182989,1.1557673584946155,1.1577109979603826,1.1519138102756594,1.1538509692777359
2026-01-03 15:30:00+00:00,1.1538509692777359,1.1571336683410085,1.150365586835864,1.1536383700070656,413.81006988919512,-0.00018425193229532066,0.0013588685492711416,0.0037123621840000607,0.01127242084151403,1.1538509692777359,1.1571336683410085,1.150365586835864,1.1536383700070656
2026-01-03 15:45:00+00:00,1.1536383700070656,1.1559909497239615,1.146841109671153,1.1491798279413319,812.74655255930372,-0.0038647657547195013,-0.0029558908958544627,0.0039187900725093502,0.0053658902505993034,1.1536383700070656,1.1559909497239615,1.146841109671153,1.1491798279413319
2026-01-03 16:00:00+00:00,1.1491798279413319,1.1506279693188195,1.1430449825984863,1.1444853931377104,909.06799794176777,-0.0040850306361809308,-0.009761450065175703,0.0041116559859332548,-0.00046066699586955195,1.1491798279413319,1.1506279693188195,1.1430449825984863,1.1444853931377104
2026-01-03 16:15:00+00:00,1.1444853931377104,1.1479878729910602,1.1417653026140375,1.1452594581477276,501.16414687516294,0.00067634328463994642,-0.0074459452379593838,0.003900610221951257,-0.0012122798607214769,1.1444853931377104,1.1479878729910602,1.1417653026140375,1.1452594581477276
2026-01-03 16:30:00+00:00,1.1452594581477276,1.1553837766899435,1.1385784204025293,1.148643677258903,664.46614669444557,0.0029549802772630418,-0.0043295133709292388,0.0038141376898253982,0.00041407305882135148,1.1452594581477276,1.1553837766899435,1.1385784204025293,1.148643677258903
2026-01-03 16:45:00+00:00,1.148643677258903,1.1522286118032405,1.1476097356345816,1.1511914432312422,802.92722851677649,0.0022180646816591931,0.0017504791164963951,0.0037652917586126194,0.0013922584909296098,1.148643677258903,1.1522286118032405,1.1476097356345816,1.1511914432312422
2026-01-03 17:00:00+00:00,1.1511914432312422,1.1513235177524148,1.1506470966668889,1.1507791087359713,381.32203600476475,-0.00035818064640358305,0.0054991663816750247,0.0037570094848823053,-6.1600946902773401e-05,1.1511914432312422,1.1513235177524148,1.1506470966668889,1.1507791087359713
2026-01-03 17:15:00+00:00,1.1507791087359713,1.1532030692042807,1.1426799493392863,1.1450868500243105,567.85001531317243,-0.0049464390415578929,-0.00015071530052779281,0.0033825613018254271,-0.0054666947978205815,1.1507791087359713,1.1532030692042807,1.1426799493392863,1.1450868500243105
2026-01-03 17:30:00+00:00,1.1450868500243105,1.1457401520937782,1.141310281346019,1.1419614287840427,295.16599578688914,-0.002729418506728476,-0.0058175120859121909,0.0030518045818372693,-0.0082072079103356899,1.1450868500243105,1.1457401520937782,1.141310281346019,1.1419614287840427
2026-01-03 17:45:00+00:00,1.1419614287840427,1.147776937094533,1.1407800054334258,1.146589497273359,259.79189772920802,0.0040527362594411365,-0.0039975505246687693,0.0030278999600574096,-0.0041977012872735919,1.1419614287840427,1.147776937094533,1.1407800054334258,1.146589497273359
2026-01-03 18:00:00+00:00,1.146589497273359,1.1483857891599827,1.1397374852382436,1.1415230424952068,702.60789203218792,-0.0044187172394309915,-0.0080433040281132628,0.0031467935717220162,-0.0083759538938523725,1.146589497273359,1.1483857891599827,1.1397374852382436,1.1415230424952068
2026-01-03 18:15:00+00:00,1.1415230424952068,1.1431221241834348,1.1317366991570053,1.1333220718250523,314.20548121837288,-0.0071842357664794187,-0.010274136148719637,0.0032518531889264772,-0.014783845291793996,1.1415230424952068,1.1431221241834348,1.1317366991570053,1.1333220718250523
2026-01-03 18:30:00+00:00,1.1333220718250523,1.1381296747479424,1.1192987055464814,1.1240468207223437,970.12570085858658,-0.008184126413219972,-0.015687577189690605,0.0035324655398160654,-0.021724457232954908,1.1333220718250523,1.1381296747479424,1.1192987055464814,1.1240468207223437
2026-01-03 18:45:00+00:00,1.1240468207223437,1.1262690035557639,1.1134114296009068,1.1156125868123146,365.82426773568608,-0.0075034542641285729,-0.027016565679965576,0.0037019078088613012,-0.027837651444936773,1.1240468207223437,1.1262690035557639,1.1134114296009068,1.1156125868123146
2026-01-03 19:00:00+00:00,1.1156125868123146,1.1177675619832881,1.110960380962315,1.1131063696910277,644.53854751369067,-0.0022464941243159897,-0.024893648000362978,0.0034864228454997465,-0.028518168480601624,1.1156125868123146,1.1177675619832881,1.110960380962315,1.1131063696910277
2026-01-03 19:15:00+00:00,1.1131063696910277,1.1133165389241126,1.1123794999049199,1.1125895318953571,913.61710963929113,-0.00046432022108910953,-0.018293599361661084,0.0033800276596902589,-0.027335580904980339,1.1131063696910277,1.1133165389241126,1.1123794999049199,1.1125895318953571
2026-01-03 19:30:00+00:00,1.1125895318953571,1.1167018498645116,1.0960579524767313,1.1001091669489063,455.13573184276123,-0.011217402814486244,-0.021295957901517393,0.0038735329372181471,-0.036183061627568347,1.1125895318953571,1.1167018498645116,1.0960579524767313,1.1001091669489063
2026-01-03 19:45:00+00:00,1.1001091669489063,1.1011478838920854,1.0944208691325832,1.095454215216672,644.71540849145515,-0.0042313543710799095,-0.01806932965254715,0.0038950537312457049,-0.038146606530680693,1.1001091669489063,1.1011478838920854,1.0944208691325832,1.095454215216672
2026-01-03 20:00:00+00:00,1.095454215216672,1.0967278843833161,1.0862427619367194,1.0875057210765455,162.19418217608251,-0.0072558889542948535,-0.022999283187633113,0.0040261563944143956,-0.042863234852089649,1.095454215216672,1.0967278843833161,1.0862427619367194,1.0875057210765455
2026-01-03 20:15:00+00:00,1.0875057210765455,1.0914914383034662,1.0805787340527613,1.0845390638164472,816.23709351704542,-0.0027279463478698807,-0.025211874887160257,0.0039073809365796205,-0.043015121070699158,1.0875057210765455,1.0914914383034662,1.0805787340527613,1.0845390638164472
2026-01-03 20:30:00+00:00,1.0845390638164472,1.0878109477637281,1.0801516874104709,1.0834103353325018,557.62941784125155,-0.0010407448856415424,-0.015179249585491439,0.0039196541994508949,-0.041591635312304809,1.0845390638164472,1.0878109477637281,1.0801516874104709,1.0834103353325018
2026-01-03 20:45:00+00:00,1.0834103353325018,1.0863923149903443,1.0739733305255463,1.0769293357622047,843.54995142152859,-0.0059820359460647232,-0.016910683438105312,0.0039256642861230972,-0.044660738115228971,1.0834103353325018,1.0863923149903443,1.0739733305255463,1.0769293357622047
2026-01-03 21:00:00+00:00,1.0769293357622047,1.0784463379081466,1.0689812995136212,1.0704871057643035,330.40806040875157,-0.0059820359460648342,-0.015649219109757806,0.0037888586724577158,-0.047372782642894573,1.0769293357622047,1.0784463379081466,1.0689812995136212,1.0704871057643035
2026-01-03 21:15:00+00:00,1.0704871057643035,1.0740809702530583,1.0609958426597232,1.0645578428567539,825.69961070605405,-0.0055388457045600914,-0.018423698718034287,0.0038037852939946664,-0.0495022182690249,1.0704871057643035,1.0740809702530583,1.0609958426597232,1.0645578428567539
2026-01-03 21:30:00+00:00,1.0645578428567539,1.0659671380603821,1.055281170379452,1.05667818483186,804.86939204515363,-0.0074018129477574357,-0.024674077428325059,0.0038283880518797746,-0.053122095714792761,1.0645578428567539,1.0659671380603821,1.055281170379452,1.05667818483186
2026-01-03 21:45:00+00:00,1.05667818483186,1.0603275266899912,1.0467119267206149,1.050326849127851,489.42467931955395,-0.0060106622765375706,-0.024702165454082992,0.0038587018161279235,-0.055326784867408829,1.05667818483186,1.0603275266899912,1.0467119267206149,1.050326849127851
2026-01-03 22:00:00+00:00,1.050326849127851,1.051988698458532,1.0423944576279871,1.0440437561612514,292.57525877308535,-0.0059820359460646122,-0.02470216545408277,0.0038855487701973399,-0.057429938101161482,1.050326849127851,1.051988698458532,1.0423944576279871,1.0440437561612514
2026-01-03 22:15:00+00:00,1.0440437561612514,1.046760224843148,1.0321292329910394,1.0348147016033884,353.9517151414949,-0.008839720082036151,-0.02793943180536762,0.0038930771444056524,-0.061864419248739977,1.0440437561612514,1.046760224843148,1.0321292329910394,1.0348147016033884
2026-01-03 22:30:00+00:00,1.0348147016033884,1.0382308307964996,1.0252398820518966,1.0286244028608806,999.27530138150928,-0.0059820359460647232,-0.026549031080303154,0.0035939515049066054,-0.063229441183595969,1.0348147016033884,1.0382308307964996,1.0252398820518966,1.0286244028608806
2026-01-03 22:45:00+00:00,1.0286244028608806,1.0324536070176367,1.0186789539333787,1.0224711347079674,935.67681193204419,-0.0059820359460648342,-0.026520996243230344,0.0032969296621233315,-0.064262710412733348,1.0286244028608806,1.0324536070176367,1.0186789539333787,1.0224711347079674
2026-01-03 23:00:00+00:00,1.0224711347079674,1.0231014674688441,1.0193277876257418,1.0199561825767602,970.62419826685846,-0.0024596803233232212,-0.023071421520738378,0.0031968026351578238,-0.061884476228962426,1.0224711347079674,1.0231014674688441,1.0193277876257418,1.0199561825767602
2026-01-03 23:15:00+00:00,1.0199561825767602,1.0201902215760106,1.011840112179176,1.0120722888660778,880.48470143507518,-0.0077296396113458732,-0.021977280282230671,0.0032444928935571006,-0.064366317852192934,1.0199561825767602,1.0201902215760106,1.011840112179176,1.0120722888660778
2026-01-03 23:30:00+00:00,1.0120722888660778,1.0145022032495716,1.0036084427697607,1.0060180360540649,737.19924610521991,-0.0059820359460647232,-0.021977280282230671,0.0032077244569091636,-0.065067537556819488,1.0120722888660778,1.0145022032495716,1.0036084427697607,1.0060180360540649
2026-01-03 23:45:00+00:00,1.0060180360540649,1.0101079329997202,0.99595102977410599,1,359.86017259144427,-0.0059820359460648342,-0.02197728028223056,0.0025213126468547442,-0.065355002644078675,1.0060180360540649,1.0101079329997202,0.99595102977410599,1
