seq,slippage_bps,final_equity,total_fees,total_slippage_cost
zigzag,0.0,20.143900282614116,0.5025723400564203,0.0
zigzag,5.0,20.04343215246263,0.5016655015541458,0.2508129497546833
zigzag,10.0,19.943465059383676,0.5007613005900696,0.5006822454986317
rising,0.0,413.56838418733673,2.2239027822541257,0.0
rising,5.0,411.50570309449313,2.2169774454612945,1.1085674305425364
rising,10.0,409.45330864373994,2.210078206851513,2.2103920806302813
falling,0.0,20.38424804212602,0.5047341321794317,0.0
falling,5.0,20.282581172423317,0.5038209993855334,0.2518907592659781
falling,10.0,20.18142131793723,0.5029105257903104,0.502831712953833
